"%1 customer(s) could not be signed out of their sessions and apps. See the error log.","%1 customer(s) could not be signed out of their sessions and apps. See the error log."
"%1 on %2","%1 on %2"
"A new passkey ""%passkey_name"" was just added to your %store_name account.","A new passkey ""%passkey_name"" was just added to your %store_name account."
"A new passkey was added to your %store_name account","A new passkey was added to your %store_name account"
"A passkey was removed from your %store_name account","A passkey was removed from your %store_name account"
"A total of %1 passkey(s) have been revoked.","A total of %1 passkey(s) have been revoked."
"Actions","Actions"
"Add a Passkey","Add a Passkey"
"Authenticate with Passkey","Authenticate with Passkey"
"Authenticated. Redirecting...","Authenticated. Redirecting..."
"Authentication failed.","Authentication failed."
"Authentication succeeded but token creation failed.","Authentication succeeded but token creation failed."
"Browser","Browser"
"Cancel","Cancel"
"Challenge does not belong to this customer.","Challenge does not belong to this customer."
"Challenge has expired.","Challenge has expired."
"Challenge type mismatch.","Challenge type mismatch."
"Could not delete passkey credential: %1","Could not delete passkey credential: %1"
"Could not save passkey credential: %1","Could not save passkey credential: %1"
"Created","Created"
"Credential ID cannot be empty.","Credential ID cannot be empty."
"Customer Email","Customer Email"
"Customer Passkeys","Customer Passkeys"
"Delete","Delete"
"Delete ""%1""? You will no longer be able to sign in with it.","Delete ""%1""? You will no longer be able to sign in with it."
"Delete Passkey","Delete Passkey"
"Email Customer When Passkeys Change","Email Customer When Passkeys Change"
"Email template chosen based on theme fallback when ""Default"" option is selected.","Email template chosen based on theme fallback when ""Default"" option is selected."
"Enable Passkey Authentication","Enable Passkey Authentication"
"Failed to delete passkey.","Failed to delete passkey."
"Failed to rename passkey.","Failed to rename passkey."
"First Name","First Name"
"Follow your browser's prompts to register your passkey...","Follow your browser's prompts to register your passkey..."
"Follow your browser's prompts to verify your passkey...","Follow your browser's prompts to verify your passkey..."
"Give this passkey a name so you can recognize it later:","Give this passkey a name so you can recognize it later:"
"Hi %name,","Hi %name,"
"ID","ID"
"If you did not add this passkey, please remove it from your account immediately and change your password, as someone else may have access to your account.","If you did not add this passkey, please remove it from your account immediately and change your password, as someone else may have access to your account."
"If you did not remove this passkey, please change your password immediately and contact us, as someone else may have access to your account.","If you did not remove this passkey, please change your password immediately and contact us, as someone else may have access to your account."
"Invalid assertion response.","Invalid assertion response."
"Invalid attestation response.","Invalid attestation response."
"Invalid customer ID for passkey credential.","Invalid customer ID for passkey credential."
"Invalid or expired challenge token.","Invalid or expired challenge token."
"Invalid passkey name.","Invalid passkey name."
"Invalid security token.","Invalid security token."
"It can no longer be used to sign in.","It can no longer be used to sign in."
"Last Name","Last Name"
"Last Used","Last Used"
"Login successful.","Login successful."
"Maximum number of passkeys (%1) reached.","Maximum number of passkeys (%1) reached."
"My Passkeys","My Passkeys"
"Name","Name"
"Never","Never"
"No passkey specified.","No passkey specified."
"No passkeys were revoked.","No passkeys were revoked."
"Not now","Not now"
"Passkey","Passkey"
"Passkey Added Email Template","Passkey Added Email Template"
"Passkey Added to Account","Passkey Added to Account"
"Passkey Authentication","Passkey Authentication"
"Passkey Configuration","Passkey Configuration"
"Passkey Name","Passkey Name"
"Passkey Notification Email Sender","Passkey Notification Email Sender"
"Passkey Removed Email Template","Passkey Removed Email Template"
"Passkey Removed from Account","Passkey Removed from Account"
"Passkey Verification","Passkey Verification"
"Passkey authentication is not enabled.","Passkey authentication is not enabled."
"Passkey credential belongs to another website.","Passkey credential belongs to another website."
"Passkey credential does not exist.","Passkey credential does not exist."
"Passkey credential not found.","Passkey credential not found."
"Passkey credential with ID ""%1"" does not exist.","Passkey credential with ID ""%1"" does not exist."
"Passkey deleted.","Passkey deleted."
"Passkey is not configured for this user.","Passkey is not configured for this user."
"Passkey name","Passkey name"
"Passkey name cannot be empty.","Passkey name cannot be empty."
"Passkey name must be 255 characters or fewer.","Passkey name must be 255 characters or fewer."
"Passkey names can't contain <, > or &.","Passkey names can't contain <, > or &."
"Passkey registered successfully! Redirecting...","Passkey registered successfully! Redirecting..."
"Passkey registered successfully.","Passkey registered successfully."
"Passkey registration failed. Please try again.","Passkey registration failed. Please try again."
"Passkey registration verification failed. Please try again.","Passkey registration verification failed. Please try again."
"Passkey registration was cancelled.","Passkey registration was cancelled."
"Passkey renamed.","Passkey renamed."
"Passkey sign-in didn't complete. Please try again.","Passkey sign-in didn't complete. Please try again."
"Passkey sign-in failed.","Passkey sign-in failed."
"Passkey sign-in was cancelled, or no passkey for this account was found on this device.","Passkey sign-in was cancelled, or no passkey for this account was found on this device."
"Passkey verification failed.","Passkey verification failed."
"Passkey verification failed. Please try again.","Passkey verification failed. Please try again."
"Passkeys","Passkeys"
"Passkeys are not allowed on this domain. Check that the admin URL uses HTTPS and matches the store domain.","Passkeys are not allowed on this domain. Check that the admin URL uses HTTPS and matches the store domain."
"Passkeys can't be added while an admin is signed in as this customer.","Passkeys can't be added while an admin is signed in as this customer."
"Passkeys require a secure (HTTPS) connection.","Passkeys require a secure (HTTPS) connection."
"Please sign in to register a passkey.","Please sign in to register a passkey."
"Please sign in.","Please sign in."
"Prompt After Account Creation","Prompt After Account Creation"
"Prompt After Password Login","Prompt After Password Login"
"Public key cannot be empty.","Public key cannot be empty."
"Register Passkey","Register Passkey"
"Register Your Passkey","Register Your Passkey"
"Registration failed.","Registration failed."
"Rename","Rename"
"Revoke","Revoke"
"Revoke Customer Passkeys","Revoke Customer Passkeys"
"Revoke passkey","Revoke passkey"
"Revoke selected passkeys","Revoke selected passkeys"
"Revoke the passkey ""%1"" for %2? The customer will no longer be able to sign in with it.","Revoke the passkey ""%1"" for %2? The customer will no longer be able to sign in with it."
"Revoke the selected passkeys? Customers will no longer be able to sign in with them, and each affected customer will be notified by email.","Revoke the selected passkeys? Customers will no longer be able to sign in with them, and each affected customer will be notified by email."
"Save","Save"
"Send an account-security notification email when a passkey is added to or removed from a customer account.","Send an account-security notification email when a passkey is added to or removed from a customer account."
"Server error. Please try again.","Server error. Please try again."
"Set up","Set up"
"Set up a Passkey","Set up a Passkey"
"Show a passkey enrollment banner on account pages after a customer logs in with their password.","Show a passkey enrollment banner on account pages after a customer logs in with their password."
"Show a passkey enrollment banner on account pages after a new customer account is created.","Show a passkey enrollment banner on account pages after a new customer account is created."
"Sign count cannot be negative.","Sign count cannot be negative."
"Sign in faster with a passkey","Sign in faster with a passkey"
"Sign in with Passkey","Sign in with Passkey"
"Signature Counter","Signature Counter"
"Signed in. One moment…","Signed in. One moment…"
"The account is locked.","The account is locked."
"The account sign-in was incorrect or your account is disabled temporarily. Please wait and try again later.","The account sign-in was incorrect or your account is disabled temporarily. Please wait and try again later."
"The admin domain has changed since your passkey was registered (was ""%1"", now ""%2""). Please ask an administrator to reset your passkey configuration.","The admin domain has changed since your passkey was registered (was ""%1"", now ""%2""). Please ask an administrator to reset your passkey configuration."
"The current customer isn't authorized.","The current customer isn't authorized."
"The customer could not be signed out of their sessions and apps. See the error log.","The customer could not be signed out of their sessions and apps. See the error log."
"The passkey ""%passkey_name"" was removed from your %store_name account.","The passkey ""%passkey_name"" was removed from your %store_name account."
"The passkey has been revoked.","The passkey has been revoked."
"The passkey request was cancelled or timed out, or no matching passkey was found on this device.","The passkey request was cancelled or timed out, or no matching passkey was found on this device."
"This account isn't confirmed. Verify and try again.","This account isn't confirmed. Verify and try again."
"This authenticator is already registered.","This authenticator is already registered."
"This device already has a passkey for your account. Try signing in with it instead.","This device already has a passkey for your account. Try signing in with it instead."
"This passkey no longer exists.","This passkey no longer exists."
"This website is excluded from customer's group.","This website is excluded from customer's group."
"Too many failed passkey attempts. Please try again later.","Too many failed passkey attempts. Please try again later."
"Too many passkey requests. Please try again later.","Too many passkey requests. Please try again later."
"Transports","Transports"
"Try Again","Try Again"
"Unable to delete passkey. Please try again.","Unable to delete passkey. Please try again."
"Unable to generate authentication options.","Unable to generate authentication options."
"Unable to generate authentication options. Please try again.","Unable to generate authentication options. Please try again."
"Unable to generate registration options.","Unable to generate registration options."
"Unable to generate registration options. Please try again.","Unable to generate registration options. Please try again."
"Unable to rename passkey. Please try again.","Unable to rename passkey. Please try again."
"Unable to revoke the passkey. Please try again.","Unable to revoke the passkey. Please try again."
"Unable to revoke the selected passkeys.","Unable to revoke the selected passkeys."
"Unable to sign in with passkey. Please use your password.","Unable to sign in with passkey. Please use your password."
"Unnamed passkey","Unnamed passkey"
"Use your fingerprint, face, or security key for quick and secure sign-in.","Use your fingerprint, face, or security key for quick and secure sign-in."
"Waiting for your passkey…","Waiting for your passkey…"
"You are not authorized to manage this passkey.","You are not authorized to manage this passkey."
"You can now use it to sign in without a password on the device where it was created.","You can now use it to sign in without a password on the device where it was created."
"You can review the passkeys on your account at any time under <a href=""%url"">My Account &gt; Passkeys</a>.","You can review the passkeys on your account at any time under <a href=""%url"">My Account &gt; Passkeys</a>."
"You have no passkeys registered. Passkeys let you sign in quickly and securely using your device biometrics or a security key.","You have no passkeys registered. Passkeys let you sign in quickly and securely using your device biometrics or a security key."
"You will be asked to verify your identity (biometric or PIN) each time you authenticate.","You will be asked to verify your identity (biometric or PIN) each time you authenticate."
"Your browser does not support passkeys.","Your browser does not support passkeys."
"Your browser does not support passkeys. Please use a modern browser over HTTPS.","Your browser does not support passkeys. Please use a modern browser over HTTPS."
"challenge_token and assertion_response are required.","challenge_token and assertion_response are required."
"challenge_token and attestation_response are required.","challenge_token and attestation_response are required."
"or","or"
"this passkey","this passkey"
